Unnamed: 0,dialogue,utterance_id,utterance_type,utterance_text,labels,bounds
0,20230720_133418_279839,0,user,KI besitzen keine Empathie und können sich nicht in Spieler*innen hineinversetzen,['Z.K5'],"[(0, 82)]"
1,20230720_133418_279839,1,bot,"Kurz zusammengefasst, Einer SchiriKI fehlt die menschliche Intuition. Das ist ein gutes Argument. Direkt dazu: Eine SchiriKI kann die menschliche Erfahrung durch das Training mit Daten in Form des überwachten Lernens nutzen. Daraus entwickelt sich eine ganz eigene Art von Intuition.","['intro_24', 'Z.K5', 'intro_47', 'Z.K5-1']","[(0, 22), (22, 70), (70, 111), (111, 284)]"
2,20230720_133418_279839,2,user,Ich denke eine KI kann nicht jede Situation so gut erfassen wie ein mensch,['Z.K5'],"[(0, 74)]"
3,20230720_133418_279839,3,bot,"Du argumentierst, dass Einer SchiriKI die menschliche Intuition fehlt. Das verstehe ich. Aber zu beachten ist: Eine SchiriKI trifft konsistente regelkonforme Entscheidungen und entscheidet in ähnlichen Situationen gleich.","['intro_26', 'Z.K5', 'intro_54', 'z_trans_12', 'Z.P1']","[(0, 23), (23, 71), (71, 89), (89, 111), (111, 222)]"
4,20230720_133418_279839,4,user,"Menschliche Fehler gehören auch dazu, Fehlentscheidungen der Schiedsrichter gehören auch zum spiel",['Z.K8'],"[(0, 98)]"
5,20230720_133418_279839,5,bot,"Ich bin mir nicht sicher, was du meinst. Bitte wähle aus der folgenden Liste ein Argument aus, das deinen Standpunkt am besten repräsentiert. | Zum Fußball gehört die Unberechenbarkeit auch der Schiedsrichter. |   Das ist möglich. Das ist ein Widerspruch in sich, wenn man einerseits Schiedsrichter für Fehlentscheidungen beschimpft, aber andererseits den Zustand nicht verbessern will.",['Z.K8'],"[(0, 388)]"
6,20230720_133418_279839,6,user,"Wenn die Fehlentscheidungen zugunsten deines Teams sind, wird der Schiri nicht beschimpft",['Z.K8-1'],"[(0, 89)]"
7,20230720_133418_279839,7,bot,"Ich bin mir nicht sicher, was du meinst. Bitte wähle aus der folgenden Liste ein Argument aus, das deinen Standpunkt am besten repräsentiert. | Menschen sind widersprüchlich. |   Ich denke damit liegst du richtig.  Ansprechen möchte ich noch: Aufgrund der objektiven und nachvollziehbaren Entscheidungen der SchiriKI wird es zu weniger Diskussionen und Protesten auf dem Spielfeld kommen.",['Z.K8.1.1'],"[(0, 388)]"
8,20230720_110809_669606,0,user,Eine KI kann objektivere Entscheidungen treffen als ein Mensch und macht somit das Spiel fairer,['Z.P2'],"[(0, 95)]"
9,20230720_110809_669606,1,bot,"Ich bin mir nicht sicher, was du meinst. Bitte wähle aus der folgenden Liste ein Argument aus, das deinen Standpunkt am besten repräsentiert. | Eine SchiriKI entscheidet objektiv und emotionslos. |   Das ist ein gutes Argument. Direkt dazu: Da eine SchiriKI von ihrer Datengrundlage abhängig ist, ist sie entscheidend von der menschlichen Auswahl der Daten geprägt. Diese muss dafür sorgen, dass die Daten u.a. keine versteckte Diskriminierung enthalten. Die Auswahl erfolgt durch einen Mensch, womit wieder die Unberechenbarkeit bzw. Fehleranfälligkeit menschlicher Entscheidungen mit durchschwingen kann.",['Z.P2'],"[(0, 608)]"
10,20230720_133228_064340,0,user,KI kann Entscheidung vorallem bei Rudelbildungen nicht treffen wie es ein Schiedsrichter kann,['Z.K5'],"[(0, 93)]"
11,20230720_133228_064340,1,bot,"Ich bin mir nicht sicher, was du meinst. Bitte wähle aus der folgenden Liste ein Argument aus, das deinen Standpunkt am besten repräsentiert. | Einer SchiriKI fehlt die menschliche Intuition. |   Das kann ich nachvollziehen. Direkt dazu: Eine SchiriKI kann die menschliche Erfahrung durch das Training mit Daten in Form des überwachten Lernens nutzen. Daraus entwickelt sich eine ganz eigene Art von Intuition.",['Z.K5'],"[(0, 412)]"
12,20230720_133228_064340,2,user,Eine KI kann durch technische Probleme ausfallen,['Z.K4'],"[(0, 48)]"
13,20230720_133228_064340,3,bot,"Du merkst an, dass Eine SchiriKI wegen technische Störungen ausfallen kann. Das verstehe ich. Fällt die SchiriKI aus, wird dies der ""Autoritätsperson"" innerhalb kurzer Zeit auffallen, wenn nicht sowieso bereits das System der SchiriKI über eine eingeschränkte Nutzung informiert.","['intro_28', 'Z.K4', 'intro_1', 'Z.K4-1']","[(0, 19), (19, 76), (76, 94), (94, 280)]"
14,20230720_133228_064340,4,user,Die KI nimmt den Schiedsrichter die Arbeitsplätze weg,['Z.P9-1'],"[(0, 53)]"
15,20230720_133228_064340,5,bot,"Ich bin mir nicht sicher, was du meinst. Bitte wähle aus der folgenden Liste ein Argument aus, das deinen Standpunkt am besten repräsentiert. | Einer SchiriKI fehlt die menschliche Intuition. |   Das ist ein gutes Argument.  Ansprechen möchte ich noch: Eine SchiriKI trifft konsistente regelkonforme Entscheidungen und entscheidet in ähnlichen Situationen gleich.",['Z.K5'],"[(0, 363)]"
16,20230720_133228_064340,6,user,Die kann hat im Gegensatz zu einem Schiedsrichter keine Autorität auf dem Platz,['Z.K9'],"[(0, 79)]"
17,20230720_133228_064340,7,bot,"Du argumentierst, dass Eine Schiri-KI keine Autorität auf dem Platz hat. Das ist möglich. Im Szenario ist ein Schiedsrichter bzw. eine Schiedsrichterin auf dem Platz vorgesehen, der oder die die Entscheidungen der Schiri-KI kommuniziert.","['intro_26', 'Z.K9', 'intro_2', 'Z.K9.1']","[(0, 23), (23, 73), (73, 90), (90, 238)]"
18,20230720_133228_064340,8,user,KI kann Entscheidung konstanter entscheiden als Menschen,['Z.P1'],"[(0, 56)]"
19,20230720_133228_064340,9,bot,"Ich bin mir nicht sicher, was du meinst. Bitte wähle aus der folgenden Liste ein Argument aus, das deinen Standpunkt am besten repräsentiert. | Ich stimme deiner Argumentation zu. |   Schön, dass du mein Argument gut findest.   Aber zu beachten ist: Aufgrund der objektiven und nachvollziehbaren Entscheidungen der SchiriKI wird es zu weniger Diskussionen und Protesten auf dem Spielfeld kommen.",['OTHER'],"[(0, 395)]"
20,20230720_133228_064340,10,user,Die KI kann getäuscht werden,['Z.K2'],"[(0, 28)]"
21,20230720_133228_064340,11,bot,"Du merkst an, dass Eine SchiriKI gezielt getäuscht werden kann. Das verstehe ich. Eine SchiriKI wird ständig nachtrainiert, so dass sie auch gezielte Täuschungen schnell lernt.","['intro_28', 'Z.K2', 'intro_1', 'Z.K2-1']","[(0, 19), (19, 64), (64, 82), (82, 177)]"
22,20230720_133228_064340,12,user,Die KI könnte bei schwierigen Wetterbedingungen gestört werden,['Z.K3'],"[(0, 62)]"
23,20230720_133228_064340,13,bot,"Ich bin mir nicht sicher, was du meinst. Bitte wähle aus der folgenden Liste ein Argument aus, das deinen Standpunkt am besten repräsentiert. | Eine SchiriKI funktioniert nicht bei schlechter Sicht. |   Das mag sein. Das ist wahrscheinlich korrekt. Aber unter diesen Umständen müsste ein Spiel auch ohne SchiriKI unterbrochen oder abgebrochen werden.",['Z.K3'],"[(0, 353)]"
24,20230720_112051_251795,0,user,"Äußere Umstände, die die KI nicht beurteilen kann.",['Z.K5'],"[(0, 51)]"
25,20230720_112051_251795,1,bot,"Du merkst an, dass Einer SchiriKI die menschliche Intuition fehlt. Das verstehe ich. Andererseits: Eine SchiriKI kann die menschliche Erfahrung durch das Training mit Daten in Form des überwachten Lernens nutzen. Daraus entwickelt sich eine ganz eigene Art von Intuition.","['intro_28', 'Z.K5', 'intro_50', 'Z.K5-1']","[(0, 19), (19, 67), (67, 99), (99, 272)]"
26,20230720_112051_251795,2,user,Dennoch kann sie Verbalevergehen oder Ähnliches nicht beurteilen.,['Z.K1'],"[(0, 65)]"
27,20230720_112051_251795,3,bot,"Ich bin mir nicht sicher, was du meinst. Bitte wähle aus der folgenden Liste ein Argument aus, das deinen Standpunkt am besten repräsentiert. | Eine Schiri-KI hat keine Autorität auf dem Platz |   Das mag sein. Im Szenario ist ein Schiedsrichter bzw. eine Schiedsrichterin auf dem Platz vorgesehen, der oder die die Entscheidungen der Schiri-KI kommuniziert.",['Z.K9'],"[(0, 360)]"
28,20230720_112051_251795,4,user,"Kann die KI nicht nur unterstützen, denn eine Vollstände Kontrolle würde, den Schiedsrichter unnötig machen. Schließlich fehlen auch die Blickwinkel auf dem Platz","['NZ.K10', 'Z.K1']","[(0, 36), (36, 163)]"
29,20230720_112051_251795,5,bot,"Ich bin mir nicht sicher, was du meinst. Bitte wähle aus der folgenden Liste ein Argument aus, das deinen Standpunkt am besten repräsentiert. | Eine SchiriKI funktioniert nicht bei schlechter Sicht. |   Das ist möglich. Das ist wahrscheinlich korrekt. Aber unter diesen Umständen müsste ein Spiel auch ohne SchiriKI unterbrochen oder abgebrochen werden.",['Z.K3'],"[(0, 356)]"
30,20230720_112051_251795,6,user,"Ich interpretiere schlechte Sicht eher, als fehlende Blickwinkel, da die Perspektive auf dem Platz fehlt.",['Z.K3'],"[(0, 106)]"
31,20230720_112051_251795,7,bot,"Ich bin mir nicht sicher, was du meinst. Bitte wähle aus der folgenden Liste ein Argument aus, das deinen Standpunkt am besten repräsentiert. | Eine SchiriKI kann gezielt getäuscht werden. |   Das verstehe ich. Eine SchiriKI wird ständig nachtrainiert, so dass sie auch gezielte Täuschungen schnell lernt.",['Z.K2'],"[(0, 307)]"
32,20230720_112051_251795,8,user,"Dennoch, würde das eine gewisse Ungerechtigkeit mit sich ziehen, da in einem Spiel eine Szene anders entschieden wird.",['Z.K1'],"[(0, 118)]"
33,20230720_112051_251795,9,bot,"Ich bin mir nicht sicher, was du meinst. Bitte wähle aus der folgenden Liste ein Argument aus, das deinen Standpunkt am besten repräsentiert. | Eine SchiriKI funktioniert nicht gut genug. |   Das mag sein. Eine SchiriKI wird kontinuierlich verbessert, indem sie mit neuen Situationen nachtrainiert wird und geänderte Regeln beigebracht bekommt. Es gibt beim Fußball ohnehin nur eine begrenztet Anzahl von Entscheidungen, die sich auch mit den derzeitigen Methoden des Deep Learning sehr gut trainieren lassen, da es viele Trainingsbeispiele gibt.",['Z.K1'],"[(0, 549)]"
34,20230720_112051_251795,10,user,Und was ist mit Ausnahmen?,['OTHER'],"[(0, 26)]"
35,20230720_112051_251795,11,bot,"Du meinst also, dass Fehler in den Daten Fehler der KI verursachen könnten. Das ist möglich. Da fehlerhafte Entscheidungen bei der Auswahl der Datensätze viel leichter erkannt werden, als einem menschlichen Schiedsrichter in der konkreten Situation, hat die SchiriKI aufgrund ihrer Vorbereitung auf konkrete Anwendungsbeispiele einen erheblichen Vorteil gegenüber menschlichen Schiedsrichtern.","['intro_23', 'Z.K1-1-1', 'intro_2', 'Z.K1-1-1-1']","[(0, 21), (21, 76), (76, 93), (93, 394)]"
36,20230720_131153_930223,0,user,Ich verstehe in erster Linie nicht ganz wie eine KI alle Entscheidungen auf dem Platz treffen kann?,['FAQ.2'],"[(0, 99)]"
37,20230720_131153_930223,1,bot,"Kurz zusammengefasst, Einer SchiriKI fehlt die menschliche Intuition. Das kann ich nachvollziehen. Andererseits: Eine SchiriKI kann die menschliche Erfahrung durch das Training mit Daten in Form des überwachten Lernens nutzen. Daraus entwickelt sich eine ganz eigene Art von Intuition.","['intro_24', 'Z.K5', 'intro_49', 'Z.K5-1']","[(0, 22), (22, 70), (70, 113), (113, 286)]"
38,20230720_131153_930223,2,user,Was ist bei schlechtem Wetter?,['Z.K3'],"[(0, 30)]"
39,20230720_131153_930223,3,bot,"Ich bin mir nicht sicher, was du meinst. Bitte wähle aus der folgenden Liste ein Argument aus, das deinen Standpunkt am besten repräsentiert. | Eine SchiriKI funktioniert nicht bei schlechter Sicht. |   Das mag sein. Das ist wahrscheinlich korrekt. Aber unter diesen Umständen müsste ein Spiel auch ohne SchiriKI unterbrochen oder abgebrochen werden.",['Z.K3'],"[(0, 353)]"
40,20230720_120330_440255,0,user,"Bei vielen Entscheidungen gehört ein gewisses Maß an Fingerspitzengefühl und Menschenkenntnis, dass ein KI Schiedsrichter nicht besitzt",['Z.K5'],"[(0, 135)]"
41,20230720_120330_440255,1,bot,"Kurz zusammengefasst, Einer SchiriKI fehlt die menschliche Intuition. Das ist ein gutes Argument. Andererseits: Eine SchiriKI kann die menschliche Erfahrung durch das Training mit Daten in Form des überwachten Lernens nutzen. Daraus entwickelt sich eine ganz eigene Art von Intuition.","['intro_24', 'Z.K5', 'intro_46', 'Z.K5-1']","[(0, 22), (22, 70), (70, 112), (112, 285)]"
42,20230720_120330_440255,2,user,Ist nur die Frage ob diese Art von Intention wirklich besser ist,['Z.K5-1'],"[(0, 64)]"
43,20230720_120330_440255,3,bot,"Ich bin mir nicht sicher, was du meinst. Bitte wähle aus der folgenden Liste ein Argument aus, das deinen Standpunkt am besten repräsentiert. | Eine SchiriKI kann keine Verantwortung übernehmen. |   Das kann ich nachvollziehen. Direkt dazu: Verantwortung und Gewissen sind für die Tätigkeit als Schiedsrichter nicht erforderlich. Es geht um die Einhaltung der Spielregeln. Das Einsehen eigenen Unrechts und die Übernahme von Verantwortung ist bei der Darstellung von Fakten nicht notwendig.",['Z.K6'],"[(0, 492)]"
44,20230720_120330_440255,4,user,Man hat Verantwortung beispielsweise ob man bei Krawallen ein Spiel unterbricht oder nicht,['Z.K6'],"[(0, 90)]"
45,20230720_120330_440255,5,bot,"Ich bin mir nicht sicher, was du meinst. Bitte wähle aus der folgenden Liste ein Argument aus, das deinen Standpunkt am besten repräsentiert. | Eine SchiriKI funktioniert nicht gut genug. |   Das verstehe ich. Eine SchiriKI wird kontinuierlich verbessert, indem sie mit neuen Situationen nachtrainiert wird und geänderte Regeln beigebracht bekommt. Es gibt beim Fußball ohnehin nur eine begrenztet Anzahl von Entscheidungen, die sich auch mit den derzeitigen Methoden des Deep Learning sehr gut trainieren lassen, da es viele Trainingsbeispiele gibt.",['Z.K1'],"[(0, 553)]"
46,20230720_120330_440255,6,user,Gg,['OTHER'],"[(0, 2)]"
47,20230720_120330_440255,7,bot,"Ich bin mir nicht sicher, was du meinst. Bitte wähle aus der folgenden Liste ein Argument aus, das deinen Standpunkt am besten repräsentiert. | Eine SchiriKI kann gezielt getäuscht werden. |   Das ist möglich. Eine SchiriKI wird ständig nachtrainiert, so dass sie auch gezielte Täuschungen schnell lernt.",['Z.K2'],"[(0, 306)]"
48,20230720_120330_440255,8,user,Aber man findet immer neue wege,['Z.K2'],"[(0, 31)]"
49,20230720_120330_440255,9,bot,"Ich bin mir nicht sicher, was du meinst. Bitte wähle aus der folgenden Liste ein Argument aus, das deinen Standpunkt am besten repräsentiert. | Ich finde deine Argumentation nicht überzeugend. |   Schade, dass dich meine Argumentation nicht überzeugt.  Aber hast Du schon einmal daran gedacht: Eine SchiriKI trifft konsistente regelkonforme Entscheidungen und entscheidet in ähnlichen Situationen gleich.",['OTHER'],"[(0, 404)]"
50,20230720_120330_440255,10,user,Aber es gibt immer wieder neue Spielsituationen die so nich nicht vorkamen,['Z.K1'],"[(0, 74)]"
51,20230720_120330_440255,11,bot,"Ich bin mir nicht sicher, was du meinst. Bitte wähle aus der folgenden Liste ein Argument aus, das deinen Standpunkt am besten repräsentiert. | Eine Schiri-KI hat keine Autorität auf dem Platz |   Das ist möglich. Im Szenario ist ein Schiedsrichter bzw. eine Schiedsrichterin auf dem Platz vorgesehen, der oder die die Entscheidungen der Schiri-KI kommuniziert.",['Z.K9'],"[(0, 363)]"
52,20230720_120330_440255,12,user,Da hat aber der Schiedsrichter auf dem Platz keine Autorität,['Z.K9'],"[(0, 60)]"
53,20230720_120330_440255,13,bot,"Du sagst, dass Eine Schiri-KI keine Autorität auf dem Platz hat. Ich denke damit liegst du richtig. Ansprechen möchte ich noch: Aufgrund der objektiven und nachvollziehbaren Entscheidungen der SchiriKI wird es zu weniger Diskussionen und Protesten auf dem Spielfeld kommen.","['intro_27', 'Z.K9', 'intro_5', 'z_trans_11', 'Z.P3']","[(0, 15), (15, 65), (65, 100), (100, 128), (128, 274)]"
54,20230720_120330_440255,14,user,Das sehe ich anders,['DISSENT'],"[(0, 19)]"
55,20230720_120330_440255,15,bot,"Mit anderen Worten, eine SchiriKI reduziert die Emotionalität. Da gebe ich dir recht. Darüber hinaus finde ich, dass hier noch folgendes beachtet werden sollte: Eine SchiriKI kann ihre Entscheidungen auf Monitoren (im Stadion, im Fernsehen) begründen und durch Zeigen ähnliche Situationen erklären. Hierdurch können ihre Entscheidungen auch überprüft und nachverfolgt werden.","['intro_32', 'Z.P3-1', 'intro_6', 'z_trans_1', 'Z.P7']","[(0, 20), (20, 63), (63, 86), (86, 161), (161, 376)]"
56,20230720_125810_203163,0,user,Weil auch die Ki mal Fehler machen kann und nicht mit Emotionen auf Situationen reagieren kann,"['Z.P3-3', 'Z.K5']","[(0, 39), (39, 94)]"
57,20230720_125810_203163,1,bot,"Ich bin mir nicht sicher, was du meinst. Bitte wähle aus der folgenden Liste ein Argument aus, das deinen Standpunkt am besten repräsentiert. | Einer SchiriKI fehlt die menschliche Intuition. |   Das ist ein gutes Argument. Direkt dazu: Eine SchiriKI kann die menschliche Erfahrung durch das Training mit Daten in Form des überwachten Lernens nutzen. Daraus entwickelt sich eine ganz eigene Art von Intuition.",['Z.K5'],"[(0, 411)]"
58,20230720_125810_203163,2,user,Pk,['OTHER'],"[(0, 2)]"
59,20230720_125810_203163,3,bot,"Ich bin mir nicht sicher, was du meinst. Bitte wähle aus der folgenden Liste ein Argument aus, das deinen Standpunkt am besten repräsentiert. | Eine SchiriKI kann keine Verantwortung übernehmen. |   Das verstehe ich. Direkt dazu: Verantwortung und Gewissen sind für die Tätigkeit als Schiedsrichter nicht erforderlich. Es geht um die Einhaltung der Spielregeln. Das Einsehen eigenen Unrechts und die Übernahme von Verantwortung ist bei der Darstellung von Fakten nicht notwendig.",['Z.K6'],"[(0, 481)]"
60,20230720_125810_203163,4,user,Ok,['OTHER'],"[(0, 2)]"
61,20230720_125810_203163,5,bot,"Ich bin mir nicht sicher, was du meinst. Bitte wähle aus der folgenden Liste ein Argument aus, das deinen Standpunkt am besten repräsentiert. | Eine SchiriKI kann gezielt getäuscht werden. |   Das mag sein. Eine SchiriKI wird ständig nachtrainiert, so dass sie auch gezielte Täuschungen schnell lernt.",['Z.K2'],"[(0, 303)]"
62,20230720_125810_203163,6,user,Aber alles kann man nicht lernen,['Z.K1'],"[(0, 32)]"
63,20230720_125810_203163,7,bot,"Du merkst an, dass Einer SchiriKI die menschliche Intuition fehlt. Das kann ich nachvollziehen. Ansprechen möchte ich noch: Eine SchiriKI trifft konsistente regelkonforme Entscheidungen und entscheidet in ähnlichen Situationen gleich.","['intro_28', 'Z.K5', 'intro_53', 'z_trans_11', 'Z.P1']","[(0, 19), (19, 67), (67, 96), (96, 124), (124, 235)]"
64,20230720_125810_203163,8,user,Aber in brisanten Situationen fehlt einfach die menschliche Intuition,['Z.K5'],"[(0, 70)]"
65,20230720_125810_203163,9,bot,"Mit anderen Worten, Einer SchiriKI fehlt die menschliche Intuition. Das kann ich nachvollziehen. Aber hast Du schon einmal daran gedacht: Aufgrund der objektiven und nachvollziehbaren Entscheidungen der SchiriKI wird es zu weniger Diskussionen und Protesten auf dem Spielfeld kommen.","['intro_32', 'Z.K5', 'intro_53', 'z_trans_2', 'Z.P3']","[(0, 20), (20, 68), (68, 97), (97, 138), (138, 284)]"
66,20230720_125810_203163,10,user,Das stimmt,['CONSENT'],"[(0, 10)]"
67,20230720_125810_203163,11,bot,"Ich bin mir nicht sicher, was du meinst. Bitte wähle aus der folgenden Liste ein Argument aus, das deinen Standpunkt am besten repräsentiert. | Ich stimme deiner Argumentation zu. |   Freut mich, dass du mein Argument gut findest.   Aber zu beachten ist: Eine SchiriKI entscheidet in Echtzeit ohne Nachkontrolle und kann entsprechend Entscheidungen schneller als ein Mensch treffen. Hierdurch können DIskussionen verringert werden und der Spielfluss verbessert werden.",['OTHER'],"[(0, 468)]"
68,20230720_134118_330979,0,user,"Emotionen gehören zum Fußball dazu, deshalb sollte ein menschlicher Schiedsrichter weiterhin die Entscheidung treffen",['Z.P2-1'],"[(0, 118)]"
69,20230720_134118_330979,1,bot,"Ich bin mir nicht sicher, was du meinst. Bitte wähle aus der folgenden Liste ein Argument aus, das deinen Standpunkt am besten repräsentiert. | Einer SchiriKI fehlt die menschliche Intuition. |   Das ist ein gutes Argument. Andererseits: Eine SchiriKI kann die menschliche Erfahrung durch das Training mit Daten in Form des überwachten Lernens nutzen. Daraus entwickelt sich eine ganz eigene Art von Intuition.",['Z.K5'],"[(0, 412)]"
70,20230720_134118_330979,2,user,"Häufig sind die Winkel der Kameras nicht eindeutig, deshalb muss der Schiedsrichter mit den Spielern sprechen",['Z.K3'],"[(0, 109)]"
71,20230720_134118_330979,3,bot,"Ich bin mir nicht sicher, was du meinst. Bitte wähle aus der folgenden Liste ein Argument aus, das deinen Standpunkt am besten repräsentiert. | Eine SchiriKI funktioniert nicht bei schlechter Sicht. |   Das ist möglich. Das ist wahrscheinlich korrekt. Aber unter diesen Umständen müsste ein Spiel auch ohne SchiriKI unterbrochen oder abgebrochen werden.",['Z.K3'],"[(0, 356)]"
72,20230720_134118_330979,4,user,"Das ist richtig, außerdem wäre eine Schiri-KI zu 100% unparteiisch",['Z.P5'],"[(0, 66)]"
73,20230720_134118_330979,5,bot,"Ich bin mir nicht sicher, was du meinst. Bitte wähle aus der folgenden Liste ein Argument aus, das deinen Standpunkt am besten repräsentiert. | Eine SchiriKI kann wegen technische Störungen ausfallen |   Das mag sein. Fällt die SchiriKI aus, wird dies der ""Autoritätsperson"" innerhalb kurzer Zeit auffallen, wenn nicht sowieso bereits das System der SchiriKI über eine eingeschränkte Nutzung informiert.",['Z.K4'],"[(0, 405)]"
74,20230720_134118_330979,6,user,Danach muss das Spiel aber fortgesetzt werden - mit oder ohne KI?,['FAQ.G1'],"[(0, 65)]"
75,20230720_134118_330979,7,bot,"Ich bin mir nicht sicher, was du meinst. Bitte wähle aus der folgenden Liste ein Argument aus, das deinen Standpunkt am besten repräsentiert. | Zum Fußball gehört die Unberechenbarkeit auch der Schiedsrichter. |   Das verstehe ich. Das ist ein Widerspruch in sich, wenn man einerseits Schiedsrichter für Fehlentscheidungen beschimpft, aber andererseits den Zustand nicht verbessern will.",['Z.K8'],"[(0, 389)]"
76,20230720_134118_330979,8,user,Ja richtig,['CONSENT'],"[(0, 10)]"
77,20230720_134118_330979,9,bot,"Ich bin mir nicht sicher, was du meinst. Bitte wähle aus der folgenden Liste ein Argument aus, das deinen Standpunkt am besten repräsentiert. | Zum Fußball gehört die Unberechenbarkeit auch der Schiedsrichter. |   Dem würde ich zustimmen.  Aber hast Du schon einmal daran gedacht: Eine SchiriKI trifft konsistente regelkonforme Entscheidungen und entscheidet in ähnlichen Situationen gleich.",['Z.K8'],"[(0, 391)]"
78,20230720_134118_330979,10,user,Die Emotionen gehen verschütt,['Z.P3-1'],"[(0, 29)]"
79,20230720_134118_330979,11,bot,"Ich bin mir nicht sicher, was du meinst. Bitte wähle aus der folgenden Liste ein Argument aus, das deinen Standpunkt am besten repräsentiert. | Eine SchiriKI ist eine Black Box und kann nicht erklären. |   Das ist möglich. Die BlackBox-Problematik trifft hier nicht zu. Die SchiriKI muss nur die entscheidende Szene und zur Begründung ähnliche Referenzszenen zeigen (z.B. bei Handspiel oder Festhalten des Gegners usw.).",['Z.K7'],"[(0, 422)]"
80,20230720_130703_700139,0,user,Keine Parteilichkeit,['Z.P5'],"[(0, 21)]"
81,20230720_130703_700139,1,bot,"Ich bin mir nicht sicher, was du meinst. Bitte wähle aus der folgenden Liste ein Argument aus, das deinen Standpunkt am besten repräsentiert. | Eine SchiriKI funktioniert nicht gut genug. |   Das mag sein. Eine SchiriKI wird kontinuierlich verbessert, indem sie mit neuen Situationen nachtrainiert wird und geänderte Regeln beigebracht bekommt. Es gibt beim Fußball ohnehin nur eine begrenztet Anzahl von Entscheidungen, die sich auch mit den derzeitigen Methoden des Deep Learning sehr gut trainieren lassen, da es viele Trainingsbeispiele gibt.",['Z.K1'],"[(0, 549)]"
82,20230720_130703_700139,2,user,Neutrale Entscheidung,['Z.P2'],"[(0, 22)]"
83,20230720_130703_700139,3,bot,"Ich bin mir nicht sicher, was du meinst. Bitte wähle aus der folgenden Liste ein Argument aus, das deinen Standpunkt am besten repräsentiert. | Fehler in den Daten könnten Fehler der KI verursachen |   Das ist möglich. Da fehlerhafte Entscheidungen bei der Auswahl der Datensätze viel leichter erkannt werden, als einem menschlichen Schiedsrichter in der konkreten Situation, hat die SchiriKI aufgrund ihrer Vorbereitung auf konkrete Anwendungsbeispiele einen erheblichen Vorteil gegenüber menschlichen Schiedsrichtern.",['Z.K1-1-1'],"[(0, 521)]"
84,20230720_130703_700139,4,user,Situationsabhängig,['OTHER'],"[(0, 18)]"
85,20230720_130703_700139,5,bot,"Ich bin mir nicht sicher, was du meinst. Bitte wähle aus der folgenden Liste ein Argument aus, das deinen Standpunkt am besten repräsentiert. | Eine SchiriKI funktioniert nicht gut genug. |   Ich denke damit liegst du richtig.  Aber hast Du schon einmal daran gedacht: Eine SchiriKI trifft konsistente regelkonforme Entscheidungen und entscheidet in ähnlichen Situationen gleich.",['Z.K1'],"[(0, 379)]"
86,20230720_130703_700139,6,user,Erfahrung,['OTHER'],"[(0, 10)]"
87,20230720_130703_700139,7,bot,"Ich bin mir nicht sicher, was du meinst. Bitte wähle aus der folgenden Liste ein Argument aus, das deinen Standpunkt am besten repräsentiert. | Einer SchiriKI fehlt die menschliche Intuition. |   Das kann ich nachvollziehen. Direkt dazu: Eine SchiriKI kann die menschliche Erfahrung durch das Training mit Daten in Form des überwachten Lernens nutzen. Daraus entwickelt sich eine ganz eigene Art von Intuition.",['Z.K5'],"[(0, 412)]"
88,20230720_130703_700139,8,user,Kein Strom notwendig,['OTHER'],"[(0, 21)]"
89,20230720_130703_700139,9,bot,"Ich bin mir nicht sicher, was du meinst. Bitte wähle aus der folgenden Liste ein Argument aus, das deinen Standpunkt am besten repräsentiert. | Eine SchiriKI kann keine Verantwortung übernehmen. |   Das verstehe ich. Direkt dazu: Verantwortung und Gewissen sind für die Tätigkeit als Schiedsrichter nicht erforderlich. Es geht um die Einhaltung der Spielregeln. Das Einsehen eigenen Unrechts und die Übernahme von Verantwortung ist bei der Darstellung von Fakten nicht notwendig.",['Z.K6'],"[(0, 481)]"
90,20230720_130703_700139,10,user,Keine Verantwortung,['Z.K6'],"[(0, 20)]"
91,20230720_130703_700139,11,bot,"Du meinst also, dass Eine SchiriKI keine Verantwortung übernehmen kann. Das verstehe ich. Um auch noch einmal eine andere Seite zu beleuchten: Aufgrund der objektiven und nachvollziehbaren Entscheidungen der SchiriKI wird es zu weniger Diskussionen und Protesten auf dem Spielfeld kommen.","['intro_23', 'Z.K6', 'intro_54', 'z_trans_13', 'Z.P3']","[(0, 21), (21, 72), (72, 90), (90, 143), (143, 289)]"
92,20230720_141643_727159,0,user,Wie soll das umgesetzt werdne,['FAQ.G1'],"[(0, 29)]"
93,20230720_141643_727159,1,bot,"Ich bin mir nicht sicher, was du meinst. Bitte wähle aus der folgenden Liste ein Argument aus, das deinen Standpunkt am besten repräsentiert. | Eine SchiriKI kann wegen technische Störungen ausfallen |   Das ist möglich. Fällt die SchiriKI aus, wird dies der ""Autoritätsperson"" innerhalb kurzer Zeit auffallen, wenn nicht sowieso bereits das System der SchiriKI über eine eingeschränkte Nutzung informiert.",['Z.K4'],"[(0, 408)]"
94,20230720_141643_727159,2,user,was ist mit menschlicher intuition und eingriff in streitfällen,['Z.K5'],"[(0, 63)]"
95,20230720_141643_727159,3,bot,"Du sagst, dass Einer SchiriKI die menschliche Intuition fehlt. Das verstehe ich. Andererseits: Eine SchiriKI kann die menschliche Erfahrung durch das Training mit Daten in Form des überwachten Lernens nutzen. Daraus entwickelt sich eine ganz eigene Art von Intuition.","['intro_27', 'Z.K5', 'intro_50', 'Z.K5-1']","[(0, 15), (15, 63), (63, 95), (95, 268)]"
96,20230720_141643_727159,4,user,wie viele kameras hat die ki,['FAQ.G1'],"[(0, 28)]"
97,20230720_141643_727159,5,bot,"Ich bin mir nicht sicher, was du meinst. Bitte wähle aus der folgenden Liste ein Argument aus, das deinen Standpunkt am besten repräsentiert. | Eine SchiriKI kann keine Verantwortung übernehmen. |   Das verstehe ich. Andererseits: Verantwortung und Gewissen sind für die Tätigkeit als Schiedsrichter nicht erforderlich. Es geht um die Einhaltung der Spielregeln. Das Einsehen eigenen Unrechts und die Übernahme von Verantwortung ist bei der Darstellung von Fakten nicht notwendig.",['Z.K6'],"[(0, 482)]"
98,20230720_141643_727159,6,user,was ist wenn die ki keine klare entscheidung treffen kann,['CON_NZARG'],"[(0, 57)]"
99,20230720_141643_727159,7,bot,"Ich bin mir nicht sicher, was du meinst. Bitte wähle aus der folgenden Liste ein Argument aus, das deinen Standpunkt am besten repräsentiert. | Einer SchiriKI fehlt die menschliche Intuition. |   Das ist ein gutes Argument.  Um auch noch einmal eine andere Seite zu beleuchten: Eine SchiriKI trifft konsistente regelkonforme Entscheidungen und entscheidet in ähnlichen Situationen gleich.",['Z.K5'],"[(0, 388)]"
100,20230720_141643_727159,8,user,was ist mit unberechenbaren szenarien,['Z.P3-3'],"[(0, 38)]"
101,20230720_141643_727159,9,bot,"Ich bin mir nicht sicher, was du meinst. Bitte wähle aus der folgenden Liste ein Argument aus, das deinen Standpunkt am besten repräsentiert. | Eine SchiriKI kann gezielt getäuscht werden. |   Das verstehe ich. Eine SchiriKI wird ständig nachtrainiert, so dass sie auch gezielte Täuschungen schnell lernt.",['Z.K2'],"[(0, 307)]"
102,20230720_141643_727159,10,user,okay und wie läuft das trainig ab?,['FAQ.2'],"[(0, 34)]"
103,20230720_141643_727159,11,bot,"Ich bin mir nicht sicher, was du meinst. Bitte wähle aus der folgenden Liste ein Argument aus, das deinen Standpunkt am besten repräsentiert. | Zum Fußball gehört die Unberechenbarkeit auch der Schiedsrichter. |   Das ist möglich. Das ist ein Widerspruch in sich, wenn man einerseits Schiedsrichter für Fehlentscheidungen beschimpft, aber andererseits den Zustand nicht verbessern will.",['Z.K8'],"[(0, 388)]"
104,20230720_125033_078868,0,user,Es könnte wenn die KI gut genug ist zu faireren Entscheidungen führen,['Z.P5'],"[(0, 69)]"
105,20230720_125033_078868,1,bot,"Ich bin mir nicht sicher, was du meinst. Bitte wähle aus der folgenden Liste ein Argument aus, das deinen Standpunkt am besten repräsentiert. | Eine SchiriKI entscheidet objektiv und emotionslos. |   Das kann ich nachvollziehen. Andererseits: Da eine SchiriKI von ihrer Datengrundlage abhängig ist, ist sie entscheidend von der menschlichen Auswahl der Daten geprägt. Diese muss dafür sorgen, dass die Daten u.a. keine versteckte Diskriminierung enthalten. Die Auswahl erfolgt durch einen Mensch, womit wieder die Unberechenbarkeit bzw. Fehleranfälligkeit menschlicher Entscheidungen mit durchschwingen kann.",['Z.P2'],"[(0, 610)]"
106,20230720_125033_078868,2,user,"Da seh ich kein so großes Problem bei. Ein einzelner Schiedsrichter ist sicherlich deutlich voreingommener als eine gut trainierte KI. Natürlich muss auch da auf Diskriminierung geachtet werden, aber das ist ja vermeidbar durch trainieren an ausgewählten Beispielszenarios","['DISSENT', 'Z.P2']","[(0, 38), (38, 272)]"
107,20230720_125033_078868,3,bot,"Mit anderen Worten, Eine SchiriKI entscheidet in ähnlichen Situationen gleich. Das verstehe ich. Direkt dazu: Man kann die Schuld bei einem verlorenen Spiel nicht mehr auf den Schiri schieben.","['intro_32', 'Z.P1', 'intro_51', 'Z.P1-2']","[(0, 20), (20, 79), (79, 110), (110, 193)]"
108,20230720_131400_684188,0,user,Der Bot kann genauere Entscheidungen treffen die ein menschliches Auge nicht sehen kann,['Z.P8'],"[(0, 88)]"
109,20230720_131400_684188,1,bot,"Ich bin mir nicht sicher, was du meinst. Bitte wähle aus der folgenden Liste ein Argument aus, das deinen Standpunkt am besten repräsentiert. | Eine SchiriKI kann Entscheidungen durch Bilder erklären. |   Das mag sein. Diese Überprüfbarkeit und Nachvollziehbarkeit stößt allerdings an ihre Grenzen, sobald es nur um subtile Regelverstöße geht.",['Z.P7'],"[(0, 345)]"
110,20230720_134503_835936,0,user,Eine KI kann nicht von den Spielern körperlich verletzt werden.,['Z.P4'],"[(0, 63)]"
111,20230720_134503_835936,1,bot,"Kurz zusammengefasst, Eine SchiriKI kann nicht eingeschüchtert werden. Das verstehe ich. Direkt dazu: Auch menschliche Schiedsrichter lassen sich nicht einschüchtern und sind es gewohnt, wenn erhitzte Spieler ihre Entscheidung angreifen.","['intro_24', 'Z.P4', 'intro_51', 'Z.P4-1']","[(0, 22), (22, 71), (71, 102), (102, 238)]"
112,20230720_134503_835936,2,user,"Aber den menschlichen Schiedsrichter kann man KO schlagen, dann wird ein neuer eingesetzt",['Z.P4'],"[(0, 89)]"
113,20230720_134503_835936,3,bot,"Ich bin mir nicht sicher, was du meinst. Bitte wähle aus der folgenden Liste ein Argument aus, das deinen Standpunkt am besten repräsentiert. | Keines der genannten Argumente trifft zu. |    Wir werden dein Argument evaluieren und in einer neuen Version berücksichtigen. Bitte fahre mit deinem nächsten Argument fort.",['NoneOfTheAbove'],"[(0, 319)]"
114,20230720_134503_835936,4,user,Sie kann an mehreren Orten gleichzeitig sein. In der WM werden immer andere Schiris eingesetzt. Mit der KI würde in jedem Spiel dieselbe KI pfeiden,"['Z.P9', 'Z.P1']","[(0, 46), (46, 147)]"
115,20230720_134503_835936,5,bot,"Ich bin mir nicht sicher, was du meinst. Bitte wähle aus der folgenden Liste ein Argument aus, das deinen Standpunkt am besten repräsentiert. | Eine SchiriKI entscheidet in ähnlichen Situationen gleich. |   Das verstehe ich. Andererseits: Man kann die Schuld bei einem verlorenen Spiel nicht mehr auf den Schiri schieben.",['Z.P1'],"[(0, 323)]"
116,20230720_134503_835936,6,user,Wer verliert hat es nicht verdient zu gewinnen,['OTHER'],"[(0, 46)]"
117,20230720_134503_835936,7,bot,"Ich bin mir nicht sicher, was du meinst. Bitte wähle aus der folgenden Liste ein Argument aus, das deinen Standpunkt am besten repräsentiert. | Keines der genannten Argumente trifft zu. |    Wir werden dein Argument evaluieren und in einer neuen Version berücksichtigen. Bitte fahre mit deinem nächsten Argument fort.",['NoneOfTheAbove'],"[(0, 319)]"
118,20230720_134503_835936,8,user,Die KI ist billiger,['Z.P9'],"[(0, 19)]"
119,20230720_134503_835936,9,bot,"Du argumentierst, dass Eine SchiriKI kostengünstiger als ein Schiedsrichtergespann ist. Das verstehe ich. Von einer einmaligen Investition kann nicht gesprochen werden. Für die SchiriKI müssen Supportdienstleistungen in Anspruch genommen werden, bei denen laufende Kosten entstehen.","['intro_26', 'Z.P9', 'intro_1', 'Z.P9-2']","[(0, 23), (23, 88), (88, 106), (106, 283)]"
120,20230720_134503_835936,10,user,"Trotz allem sollte der menschliche Schiri bleiben. Baut er Scheiße, kann er ja gefeuert werden. Macht die KI einen Fehler, weiß man nicht wo dieser herkommt und wie man ihn korrigiert",['Z.K7'],"[(0, 183)]"
121,20230720_134503_835936,11,bot,"Ich bin mir nicht sicher, was du meinst. Bitte wähle aus der folgenden Liste ein Argument aus, das deinen Standpunkt am besten repräsentiert. | Ich finde deine Argumentation nicht überzeugend. |   Schade, dass dich meine Argumentation nicht überzeugt.  Aber zu beachten ist: Eine SchiriKI funktioniert nicht bei schlechter Sicht. Sie kann durch Nebelkerzen und ähnliches verwirrt werden, dann müsste das Spiel unterbrochen oder sogar abgebrochen werden.",['OTHER'],"[(0, 454)]"
122,20230720_133718_143374,0,user,"Ich glaube, das wäre insgesamt am fairsten.",['OTHER'],"[(0, 43)]"
123,20230720_133718_143374,1,bot,"Ich bin mir nicht sicher, was du meinst. Bitte wähle aus der folgenden Liste ein Argument aus, das deinen Standpunkt am besten repräsentiert. | Eine SchiriKI entscheidet in ähnlichen Situationen gleich. |   Das kann ich nachvollziehen. Direkt dazu: Man kann die Schuld bei einem verlorenen Spiel nicht mehr auf den Schiri schieben.",['Z.P1'],"[(0, 333)]"
124,20230720_133718_143374,2,user,Genau!,['CONSENT'],"[(0, 6)]"
125,20230720_133718_143374,3,bot,"Ich bin mir nicht sicher, was du meinst. Bitte wähle aus der folgenden Liste ein Argument aus, das deinen Standpunkt am besten repräsentiert. | Eine SchiriKI entscheidet objektiv und emotionslos. |   Das kann ich nachvollziehen. Andererseits: Da eine SchiriKI von ihrer Datengrundlage abhängig ist, ist sie entscheidend von der menschlichen Auswahl der Daten geprägt. Diese muss dafür sorgen, dass die Daten u.a. keine versteckte Diskriminierung enthalten. Die Auswahl erfolgt durch einen Mensch, womit wieder die Unberechenbarkeit bzw. Fehleranfälligkeit menschlicher Entscheidungen mit durchschwingen kann.",['Z.P2'],"[(0, 610)]"
126,20230720_133718_143374,4,user,"Diskriminierung sollte bei Fußball aber nur eine geringe Rolle spielen, es geht ja um Tatsachen Entscheidungen.",['Z.K1-1-1-1'],"[(0, 111)]"
127,20230720_133718_143374,5,bot,"Ich bin mir nicht sicher, was du meinst. Bitte wähle aus der folgenden Liste ein Argument aus, das deinen Standpunkt am besten repräsentiert. | Eine SchiriKI entscheidet objektiv und emotionslos. |   Das ist ein gutes Argument. Direkt dazu: Zum Fußball gehört die partielle Unberechenbarkeit von Schiri-Entscheidungen. Durch eine SchiriKI wird das Spiel verändert.",['Z.P2'],"[(0, 367)]"
128,20230720_133718_143374,6,user,"Aber zum positiven, da es dann ausgeglichenere Entscheidungen gäbe",['Z.P1'],"[(0, 66)]"
129,20230720_133718_143374,7,bot,"Ich bin mir nicht sicher, was du meinst. Bitte wähle aus der folgenden Liste ein Argument aus, das deinen Standpunkt am besten repräsentiert. | falsche Entscheidungen sollten so gut es geht ausgemerzt werden. |   Ich denke damit liegst du richtig.  Ansprechen möchte ich noch: Eine SchiriKI funktioniert nicht bei schlechter Sicht. Sie kann durch Nebelkerzen und ähnliches verwirrt werden, dann müsste das Spiel unterbrochen oder sogar abgebrochen werden.",['Z.P2-1-1'],"[(0, 456)]"
130,20230720_133718_143374,8,user,Dann sollte aber eher was gegen Nebel Kerzen gemacht werden,['CON_NZARG'],"[(0, 60)]"
131,20230720_133718_143374,9,bot,"Du meinst also, dass bei schlechter Sicht Spiele ohnehin unterbruchen werden. Dem würde ich zustimmen. Aber zu beachten ist: Eine SchiriKI kann aufgrund technischer Ausfälle oder Störungen fehlschlagen und falsche Entscheidungen treffen.","['intro_23', 'Z.K3-1', 'intro_4', 'z_trans_12', 'Z.K4']","[(0, 21), (21, 78), (78, 103), (103, 125), (125, 238)]"
132,20230720_133718_143374,10,user,Dann kann es ja Immernoch einen Menschen als Backup geben,['OTHER'],"[(0, 58)]"
133,20230720_133718_143374,11,bot,"Ich bin mir nicht sicher, was du meinst. Bitte wähle aus der folgenden Liste ein Argument aus, das deinen Standpunkt am besten repräsentiert. | Ein Ausfall der SchiriKI wird schnell auffallen. |   Da gebe ich dir recht.  Aber hast Du schon einmal daran gedacht: Zum Fußball gehört die partielle Unberechenbarkeit von Schiri-Entscheidungen. Durch eine SchiriKI wird das Spiel verändert und die Emotionalität reduziert, die zum Reiz des Spieles beiträgt.",['Z.K4-1'],"[(0, 452)]"
134,20230720_133718_143374,12,user,Aber das wird durch bessere Entscheidungen ausgeglichen,['Z.P1'],"[(0, 56)]"
135,20230720_133718_143374,13,bot,"Ich bin mir nicht sicher, was du meinst. Bitte wähle aus der folgenden Liste ein Argument aus, das deinen Standpunkt am besten repräsentiert. | Schiris für Fehlentschiedungen zu kritisieren ohne Verbesserung anzustreben ist widersprüchlich. |   Das verstehe ich. Menschen sind nun mal widersprüchlich.",['Z.K8.1'],"[(0, 303)]"
136,20230720_133718_143374,14,user,Deswegen lieber SchiriKI,['OTHER'],"[(0, 24)]"
137,20230720_133718_143374,15,bot,"Ich bin mir nicht sicher, was du meinst. Bitte wähle aus der folgenden Liste ein Argument aus, das deinen Standpunkt am besten repräsentiert. | Ich finde deine Argumentation nicht überzeugend. |   Es ist schade, dass du meine Argumente nicht überzeugend findest.  Ansprechen möchte ich noch: Eine SchiriKI funktioniert nicht gut genug, insbesondere bei subtilen Variationen eines Regelverstoßes.",['OTHER'],"[(0, 395)]"
138,20230720_133718_143374,16,user,Dann muss die eben noch entwickelt werden,['Z.K1-1'],"[(0, 42)]"
139,20230720_133718_143374,17,bot,"Ich bin mir nicht sicher, was du meinst. Bitte wähle aus der folgenden Liste ein Argument aus, das deinen Standpunkt am besten repräsentiert. | Die SchiriKI wird ständig trainiert und verbessert. |   Das verstehe ich. Da die SchiriKI anhand von Datensätzen trainiert wird, können ihr bei fehlerhaften Daten auch entsprechende Fehler antrainiert werden. Entsprechend muss gewährleistet werden, dass die Daten fehlerfrei sind, sonst wird die SchiriKI am Ende nicht weniger Fehler als ein menschlicher Schiedsrichter machen.",['Z.K1-1'],"[(0, 523)]"
140,20230720_133718_143374,18,user,Stimmt,['CONSENT'],"[(0, 6)]"
141,20230720_133718_143374,19,bot,"Du meinst also, dass Eine SchiriKI in ähnlichen Situationen gleich entscheidet. Das ist ein gutes Argument. Direkt dazu: Die SchiriKI könnte genauso wie ein menschlicher Schiedsrichter zum Sündenbock werden. Dies kann dem Ansehen und der Vertrauenswürdigkeit von Künstlicher Intelligenz bzw. Systemen Künstlicher Intelligenz langfristig Schaden zufügen.","['intro_23', 'Z.P1', 'intro_47', 'Z.P1-3']","[(0, 21), (21, 80), (80, 121), (121, 354)]"
142,20230720_170959_882071,0,user,Ich schaue öfter Bundesliga und bemerke leider oft dass viele Schiedsrichter absurde Entscheidungen treffen. Manchmal pfeifen die Schiedsrichter bei jeder Kleinigkeit und zerstören somit den Spielfluss. Eine KI würde nur rational handeln und sich nicht von Emotionen leiten lassen,['Z.P2'],"[(0, 280)]"
143,20230720_170959_882071,1,bot,"Ich bin mir nicht sicher, was du meinst. Bitte wähle aus der folgenden Liste ein Argument aus, das deinen Standpunkt am besten repräsentiert. | Eine SchiriKI entscheidet objektiv und emotionslos. |   Das ist ein gutes Argument. Direkt dazu: Da eine SchiriKI von ihrer Datengrundlage abhängig ist, ist sie entscheidend von der menschlichen Auswahl der Daten geprägt. Diese muss dafür sorgen, dass die Daten u.a. keine versteckte Diskriminierung enthalten. Die Auswahl erfolgt durch einen Mensch, womit wieder die Unberechenbarkeit bzw. Fehleranfälligkeit menschlicher Entscheidungen mit durchschwingen kann.",['Z.P2'],"[(0, 608)]"
144,20230720_170959_882071,2,user,Es gibt kein perfektes System doch eine KI ist dem schon Nahe.,['Z.P3-3-1'],"[(0, 62)]"
145,20230720_170959_882071,3,bot,"Ich bin mir nicht sicher, was du meinst. Bitte wähle aus der folgenden Liste ein Argument aus, das deinen Standpunkt am besten repräsentiert. | Eine SchiriKI kann nicht eingeschüchtert werden. |   Das kann ich nachvollziehen. Andererseits: Auch menschliche Schiedsrichter lassen sich nicht einschüchtern und sind es gewohnt, wenn erhitzte Spieler ihre Entscheidung angreifen.",['Z.P4'],"[(0, 377)]"
146,20230720_170959_882071,4,user,Eine KI ist viel schneller in der Lage Regelbrüche zu erkennen.,['Z.P6'],"[(0, 63)]"
147,20230720_170959_882071,5,bot,"Ich bin mir nicht sicher, was du meinst. Bitte wähle aus der folgenden Liste ein Argument aus, das deinen Standpunkt am besten repräsentiert. | Eine SchiriKI bemerkt alle Regelverstöße, auch ohne Ballkontakt. |   Das ist möglich. Auch ein menschlicher Schiedsrichter ist nicht völlig auf sich allein gestellt. Ihm stehen unterstützende Schiedsrichter und Technologien zur Seite.",['Z.P8'],"[(0, 380)]"
148,20230720_141536_151006,0,user,Die Meinung wäre objektiv und lässt sich nicht beeinflussen.,['Z.P2'],"[(0, 60)]"
149,20230720_141536_151006,1,bot,"Ich bin mir nicht sicher, was du meinst. Bitte wähle aus der folgenden Liste ein Argument aus, das deinen Standpunkt am besten repräsentiert. | Eine SchiriKI entscheidet objektiv und emotionslos. |   Das verstehe ich. Direkt dazu: Da eine SchiriKI von ihrer Datengrundlage abhängig ist, ist sie entscheidend von der menschlichen Auswahl der Daten geprägt. Diese muss dafür sorgen, dass die Daten u.a. keine versteckte Diskriminierung enthalten. Die Auswahl erfolgt durch einen Mensch, womit wieder die Unberechenbarkeit bzw. Fehleranfälligkeit menschlicher Entscheidungen mit durchschwingen kann.",['Z.P2'],"[(0, 598)]"
150,20230720_141536_151006,2,user,Okay,['OTHER'],"[(0, 4)]"
151,20230720_141536_151006,3,bot,"Ich bin mir nicht sicher, was du meinst. Bitte wähle aus der folgenden Liste ein Argument aus, das deinen Standpunkt am besten repräsentiert. | Eine SchiriKI entscheidet objektiv und emotionslos. |   Das kann ich nachvollziehen. Andererseits: Zum Fußball gehört die partielle Unberechenbarkeit von Schiri-Entscheidungen. Durch eine SchiriKI wird das Spiel verändert.",['Z.P2'],"[(0, 369)]"
152,20230720_141536_151006,4,user,Aber das könnte ja zum Vorteil eines Teams sein,['Z.P2'],"[(0, 47)]"
153,20230720_141536_151006,5,bot,"Ich bin mir nicht sicher, was du meinst. Bitte wähle aus der folgenden Liste ein Argument aus, das deinen Standpunkt am besten repräsentiert. | Eine SchiriKI kann Entscheidungen durch Bilder erklären. |   Das verstehe ich. Diese Überprüfbarkeit und Nachvollziehbarkeit stößt allerdings an ihre Grenzen, sobald es nur um subtile Regelverstöße geht.",['Z.P7'],"[(0, 349)]"
154,20230720_141536_151006,6,user,Ja,['CONSENT'],"[(0, 2)]"
155,20230720_141536_151006,7,bot,"Ich bin mir nicht sicher, was du meinst. Bitte wähle aus der folgenden Liste ein Argument aus, das deinen Standpunkt am besten repräsentiert. | Eine SchiriKI bemerkt alle Regelverstöße, auch ohne Ballkontakt. |   Das mag sein. Auch ein menschlicher Schiedsrichter ist nicht völlig auf sich allein gestellt. Ihm stehen unterstützende Schiedsrichter und Technologien zur Seite.",['Z.P8'],"[(0, 377)]"
156,20230720_141536_151006,8,user,Ja genau,['CONSENT'],"[(0, 8)]"
157,20230720_141536_151006,9,bot,"Ich bin mir nicht sicher, was du meinst. Bitte wähle aus der folgenden Liste ein Argument aus, das deinen Standpunkt am besten repräsentiert. | Eine SchiriKI ist modern. |   Das ist möglich. Befürworter traditionellen Handelns könnten sich vom Fußball abwenden und damit zu einem Rückgang an Werbe- und Spendeneinnahmen führen.",['Z.P11'],"[(0, 329)]"
158,20230720_105440_406313,0,user,Es ist keine lebenswichtige Entscheidung und die Zuschauer hätten womöglich mehr Spaß wenn das Spiel flüssiger läuft,['Z.P6'],"[(0, 116)]"
159,20230720_105440_406313,1,bot,"Ich bin mir nicht sicher, was du meinst. Bitte wähle aus der folgenden Liste ein Argument aus, das deinen Standpunkt am besten repräsentiert. | Keines der genannten Argumente trifft zu. |    Wir werden dein Argument evaluieren und in einer neuen Version berücksichtigen. Bitte fahre mit deinem nächsten Argument fort.",['NoneOfTheAbove'],"[(0, 319)]"
160,20230720_105440_406313,2,user,Die zuschauer hätten mehr spaß wenn das Spiel flüssiger läuft,['Z.P6'],"[(0, 61)]"
161,20230720_105440_406313,3,bot,"Ich bin mir nicht sicher, was du meinst. Bitte wähle aus der folgenden Liste ein Argument aus, das deinen Standpunkt am besten repräsentiert. | Eine SchiriKI entscheidet sofort. |   Das verstehe ich. Die Entscheidungen der menschlichen Schiedsrichter erfolgt ebenfalls innerhalb weniger Sekunden.",['Z.P6'],"[(0, 298)]"
162,20230720_105440_406313,4,user,Der Sport ist eine gute Möglichkeit den Einsatz von KI ohne große Risiken zu testen,['Z.P1-3-1'],"[(0, 83)]"
163,20230720_105440_406313,5,bot,"Kurz zusammengefasst, Eine SchiriKI kann nicht eingeschüchtert werden. Das kann ich nachvollziehen. Andererseits: Auch menschliche Schiedsrichter lassen sich nicht einschüchtern und sind es gewohnt, wenn erhitzte Spieler ihre Entscheidung angreifen.","['intro_24', 'Z.P4', 'intro_49', 'Z.P4-1']","[(0, 22), (22, 71), (71, 114), (114, 250)]"
164,20230720_105440_406313,6,user,Das war nicht das was ich gemeint habe,['OTHER'],"[(0, 38)]"
165,20230720_105440_406313,7,bot,"Ich bin mir nicht sicher, was du meinst. Bitte wähle aus der folgenden Liste ein Argument aus, das deinen Standpunkt am besten repräsentiert. | Keines der genannten Argumente trifft zu. |    Wir werden dein Argument evaluieren und in einer neuen Version berücksichtigen. Bitte fahre mit deinem nächsten Argument fort.",['NoneOfTheAbove'],"[(0, 319)]"
166,20230720_105440_406313,8,user,Es gibt weniger aggresive Situationen auf dem Platz,['Z.P3'],"[(0, 51)]"
167,20230720_105440_406313,9,bot,"Ich bin mir nicht sicher, was du meinst. Bitte wähle aus der folgenden Liste ein Argument aus, das deinen Standpunkt am besten repräsentiert. | Eine SchiriKI kann nicht eingeschüchtert werden. |   Das kann ich nachvollziehen.  Um auch noch einmal eine andere Seite zu beleuchten: Eine SchiriKI funktioniert nicht bei schlechter Sicht. Sie kann durch Nebelkerzen und ähnliches verwirrt werden, dann müsste das Spiel unterbrochen oder sogar abgebrochen werden.",['Z.P4'],"[(0, 459)]"
168,20230720_105440_406313,10,user,Eine KI ist vielleicht objektiver in der Entscheidung,['Z.P2'],"[(0, 54)]"
169,20230720_105440_406313,11,bot,"Ich bin mir nicht sicher, was du meinst. Bitte wähle aus der folgenden Liste ein Argument aus, das deinen Standpunkt am besten repräsentiert. | Eine SchiriKI entscheidet objektiv und emotionslos. |   Das kann ich nachvollziehen. Direkt dazu: Da eine SchiriKI von ihrer Datengrundlage abhängig ist, ist sie entscheidend von der menschlichen Auswahl der Daten geprägt. Diese muss dafür sorgen, dass die Daten u.a. keine versteckte Diskriminierung enthalten. Die Auswahl erfolgt durch einen Mensch, womit wieder die Unberechenbarkeit bzw. Fehleranfälligkeit menschlicher Entscheidungen mit durchschwingen kann.",['Z.P2'],"[(0, 609)]"
170,20230720_105440_406313,12,user,"Eine KI hat keine Motivation, die davon abweicht wofür sie programmiert wurde",['Z.P4-1-1'],"[(0, 77)]"
171,20230720_105440_406313,13,bot,"Ich bin mir nicht sicher, was du meinst. Bitte wähle aus der folgenden Liste ein Argument aus, das deinen Standpunkt am besten repräsentiert. | Keines der genannten Argumente trifft zu. |    Wir werden dein Argument evaluieren und in einer neuen Version berücksichtigen. Bitte fahre mit deinem nächsten Argument fort.",['NoneOfTheAbove'],"[(0, 319)]"
172,20230720_114817_523664,0,user,Eine gute KI würde meiner Meinung nach weniger Fehlentscheidungen treffen als normale Schiedsrichter,['Z.P3-3-1'],"[(0, 100)]"
173,20230720_114817_523664,1,bot,"Ich bin mir nicht sicher, was du meinst. Bitte wähle aus der folgenden Liste ein Argument aus, das deinen Standpunkt am besten repräsentiert. | Eine SchiriKI kann Entscheidungen durch Bilder erklären. |   Das ist möglich. Diese Überprüfbarkeit und Nachvollziehbarkeit stößt allerdings an ihre Grenzen, sobald es nur um subtile Regelverstöße geht.",['Z.P7'],"[(0, 348)]"
174,20230720_114817_523664,2,user,Das ist natürlich richtig,['CONSENT'],"[(0, 25)]"
175,20230720_114817_523664,3,bot,"Ich bin mir nicht sicher, was du meinst. Bitte wähle aus der folgenden Liste ein Argument aus, das deinen Standpunkt am besten repräsentiert. | Eine SchiriKI bemerkt alle Regelverstöße, auch ohne Ballkontakt. |   Das verstehe ich. Auch ein menschlicher Schiedsrichter ist nicht völlig auf sich allein gestellt. Ihm stehen unterstützende Schiedsrichter und Technologien zur Seite.",['Z.P8'],"[(0, 381)]"
176,20230720_114817_523664,4,user,Aber sie helfen ja offensichtlich nicht immer,['DISSENT'],"[(0, 45)]"
177,20230720_114817_523664,5,bot,"Ich bin mir nicht sicher, was du meinst. Bitte wähle aus der folgenden Liste ein Argument aus, das deinen Standpunkt am besten repräsentiert. | Eine SchiriKI entscheidet objektiv und emotionslos. |   Das ist ein gutes Argument. Andererseits: Da eine SchiriKI von ihrer Datengrundlage abhängig ist, ist sie entscheidend von der menschlichen Auswahl der Daten geprägt. Diese muss dafür sorgen, dass die Daten u.a. keine versteckte Diskriminierung enthalten. Die Auswahl erfolgt durch einen Mensch, womit wieder die Unberechenbarkeit bzw. Fehleranfälligkeit menschlicher Entscheidungen mit durchschwingen kann.",['Z.P2'],"[(0, 609)]"
178,20230720_114817_523664,6,user,Die KI muss natürlich von vielen verschiedenen Gremien erstellt und Fehler nach und nach verbessert werden,['Z.K1-1'],"[(0, 106)]"
179,20230720_114817_523664,7,bot,"Ich bin mir nicht sicher, was du meinst. Bitte wähle aus der folgenden Liste ein Argument aus, das deinen Standpunkt am besten repräsentiert. | Eine SchiriKI kann nicht eingeschüchtert werden. |   Das verstehe ich. Direkt dazu: Auch menschliche Schiedsrichter lassen sich nicht einschüchtern und sind es gewohnt, wenn erhitzte Spieler ihre Entscheidung angreifen.",['Z.P4'],"[(0, 365)]"
180,20230720_114817_523664,8,user,Aber sie lassen sich auch manchmal durch Emotionen leiten,['Z.P2'],"[(0, 57)]"
181,20230720_114817_523664,9,bot,"Ich bin mir nicht sicher, was du meinst. Bitte wähle aus der folgenden Liste ein Argument aus, das deinen Standpunkt am besten repräsentiert. | eine SchiriKI wäre nicht bestechlich. |   Da gebe ich dir recht.  Um auch noch einmal eine andere Seite zu beleuchten: Eine SchiriKI funktioniert nicht bei schlechter Sicht. Sie kann durch Nebelkerzen und ähnliches verwirrt werden, dann müsste das Spiel unterbrochen oder sogar abgebrochen werden.",['Z.P-4-1-1'],"[(0, 442)]"
182,20230720_114817_523664,10,user,Das ist natürlich ein gutes Gegenargument,['CONSENT'],"[(0, 41)]"
183,20230720_114817_523664,11,bot,"Ich bin mir nicht sicher, was du meinst. Bitte wähle aus der folgenden Liste ein Argument aus, das deinen Standpunkt am besten repräsentiert. | viele Kameras haben vermutlich bessere Sicht, als ein Mensch. |   Ich denke damit liegst du richtig.  Aber zu beachten ist: Eine SchiriKI kann aufgrund technischer Ausfälle oder Störungen fehlschlagen und falsche Entscheidungen treffen.",['Z.K3-2'],"[(0, 380)]"
184,20230720_114817_523664,12,user,"Stimmt, die Anfälligkeit für technische Störungen ist natürlich problematisch",['CONSENT'],"[(0, 77)]"
185,20230720_114817_523664,13,bot,"Ich bin mir nicht sicher, was du meinst. Bitte wähle aus der folgenden Liste ein Argument aus, das deinen Standpunkt am besten repräsentiert. | Ich stimme deiner Argumentation zu. |   Schön, dass du mein Argument gut findest.   Aber hast Du schon einmal daran gedacht: Zum Fußball gehört die partielle Unberechenbarkeit von Schiri-Entscheidungen. Durch eine SchiriKI wird das Spiel verändert und die Emotionalität reduziert, die zum Reiz des Spieles beiträgt.",['OTHER'],"[(0, 459)]"
186,20230720_105737_383186,0,user,Ki hat keine subjektive Meinung,['Z.P2'],"[(0, 32)]"
187,20230720_105737_383186,1,bot,"Ich bin mir nicht sicher, was du meinst. Bitte wähle aus der folgenden Liste ein Argument aus, das deinen Standpunkt am besten repräsentiert. | Eine SchiriKI entscheidet objektiv und emotionslos. |   Das ist ein gutes Argument. Andererseits: Da eine SchiriKI von ihrer Datengrundlage abhängig ist, ist sie entscheidend von der menschlichen Auswahl der Daten geprägt. Diese muss dafür sorgen, dass die Daten u.a. keine versteckte Diskriminierung enthalten. Die Auswahl erfolgt durch einen Mensch, womit wieder die Unberechenbarkeit bzw. Fehleranfälligkeit menschlicher Entscheidungen mit durchschwingen kann.",['Z.P2'],"[(0, 609)]"
188,20230720_105737_383186,2,user,Aber er beurteilt auf der Grundlage von vorherigen Situationen,['Z.K1-1'],"[(0, 63)]"
189,20230720_105737_383186,3,bot,"Ich bin mir nicht sicher, was du meinst. Bitte wähle aus der folgenden Liste ein Argument aus, das deinen Standpunkt am besten repräsentiert. | Eine SchiriKI bemerkt alle Regelverstöße, auch ohne Ballkontakt. |   Das verstehe ich. Auch ein menschlicher Schiedsrichter ist nicht völlig auf sich allein gestellt. Ihm stehen unterstützende Schiedsrichter und Technologien zur Seite.",['Z.P8'],"[(0, 381)]"
190,20230720_105737_383186,4,user,Is mir egal,['OTHER'],"[(0, 12)]"
191,20230720_105737_383186,5,bot,"Ich bin mir nicht sicher, was du meinst. Bitte wähle aus der folgenden Liste ein Argument aus, das deinen Standpunkt am besten repräsentiert. | Keines der genannten Argumente trifft zu. |    Wir werden dein Argument evaluieren und in einer neuen Version berücksichtigen. Bitte fahre mit deinem nächsten Argument fort.",['NoneOfTheAbove'],"[(0, 319)]"
192,20230720_105737_383186,6,user,Was macht er bei Protesten?,['OTHER'],"[(0, 27)]"
193,20230720_105737_383186,7,bot,"Dein Argument ist, dass Eine SchiriKI in ähnlichen Situationen gleich entscheidet. Das kann ich nachvollziehen. Direkt dazu: Man kann die Schuld bei einem verlorenen Spiel nicht mehr auf den Schiri schieben.","['intro_25', 'Z.P1', 'intro_48', 'Z.P1-2']","[(0, 24), (24, 83), (83, 125), (125, 208)]"
194,20230720_114745_715578,0,user,Der Schiedsrichter fungiert auch als streitschlichter und kann gewisse Situationen nicht entschärfen oder richtig wahrnehmen,['Z.P3-4'],"[(0, 125)]"
195,20230720_114745_715578,1,bot,"Ich bin mir nicht sicher, was du meinst. Bitte wähle aus der folgenden Liste ein Argument aus, das deinen Standpunkt am besten repräsentiert. | Einer SchiriKI fehlt die menschliche Intuition. |   Das ist ein gutes Argument. Direkt dazu: Eine SchiriKI kann die menschliche Erfahrung durch das Training mit Daten in Form des überwachten Lernens nutzen. Daraus entwickelt sich eine ganz eigene Art von Intuition.",['Z.K5'],"[(0, 411)]"
196,20230720_120106_749693,0,user,"KI kann unparteiisch und exakter Entscheidung treffen, die auch immer ohne Widerspruch zu vorherigen Entscheidungen sind","['Z.P2', 'Z.P1']","[(0, 54), (54, 120)]"
197,20230720_120106_749693,1,bot,"Ich bin mir nicht sicher, was du meinst. Bitte wähle aus der folgenden Liste ein Argument aus, das deinen Standpunkt am besten repräsentiert. | Eine SchiriKI entscheidet in ähnlichen Situationen gleich. |   Das ist ein gutes Argument. Andererseits: Man kann die Schuld bei einem verlorenen Spiel nicht mehr auf den Schiri schieben.",['Z.P1'],"[(0, 333)]"
198,20230720_120106_749693,2,user,"Und das ist auch jetzt schon kein Argument, bei einem guten Schiri ist die Schuld allein bei den Spielern zu suchen",['DISSENT'],"[(0, 115)]"
199,20230720_120106_749693,3,bot,"Ich bin mir nicht sicher, was du meinst. Bitte wähle aus der folgenden Liste ein Argument aus, das deinen Standpunkt am besten repräsentiert. | Keines der genannten Argumente trifft zu. |    Wir werden dein Argument evaluieren und in einer neuen Version berücksichtigen. Bitte fahre mit deinem nächsten Argument fort.",['NoneOfTheAbove'],"[(0, 319)]"
200,20230720_125939_072947,0,user,Augenmaß von Menschen,['Z.K5'],"[(0, 21)]"
201,20230720_125939_072947,1,bot,"Ich bin mir nicht sicher, was du meinst. Bitte wähle aus der folgenden Liste ein Argument aus, das deinen Standpunkt am besten repräsentiert. | Einer SchiriKI fehlt die menschliche Intuition. |   Das ist ein gutes Argument. Direkt dazu: Eine SchiriKI kann die menschliche Erfahrung durch das Training mit Daten in Form des überwachten Lernens nutzen. Daraus entwickelt sich eine ganz eigene Art von Intuition.",['Z.K5'],"[(0, 411)]"
202,20230720_125939_072947,2,user,Fehler gehören zum Spiel,['Z.P2-1'],"[(0, 25)]"
203,20230720_125939_072947,3,bot,"Ich bin mir nicht sicher, was du meinst. Bitte wähle aus der folgenden Liste ein Argument aus, das deinen Standpunkt am besten repräsentiert. | Eine SchiriKI ist eine Black Box und kann nicht erklären. |   Das verstehe ich. Die BlackBox-Problematik trifft hier nicht zu. Die SchiriKI muss nur die entscheidende Szene und zur Begründung ähnliche Referenzszenen zeigen (z.B. bei Handspiel oder Festhalten des Gegners usw.).",['Z.K7'],"[(0, 423)]"
204,20230720_125939_072947,4,user,KI hat keine Autorität,['Z.K9'],"[(0, 23)]"
205,20230720_125939_072947,5,bot,"Du merkst an, dass Eine Schiri-KI keine Autorität auf dem Platz hat. Das verstehe ich. Im Szenario ist ein Schiedsrichter bzw. eine Schiedsrichterin auf dem Platz vorgesehen, der oder die die Entscheidungen der Schiri-KI kommuniziert.","['intro_28', 'Z.K9', 'intro_1', 'Z.K9.1']","[(0, 19), (19, 69), (69, 87), (87, 235)]"
206,20230720_125939_072947,6,user,KI kann keine Handspielregel verstehen,['Z.K5'],"[(0, 39)]"
207,20230720_125939_072947,7,bot,"Kurz zusammengefasst, Einer SchiriKI fehlt die menschliche Intuition. Das kann ich nachvollziehen. Ansprechen möchte ich noch: Eine SchiriKI trifft konsistente regelkonforme Entscheidungen und entscheidet in ähnlichen Situationen gleich.","['intro_24', 'Z.K5', 'intro_53', 'z_trans_11', 'Z.P1']","[(0, 22), (22, 70), (70, 99), (99, 127), (127, 238)]"
208,20230720_125939_072947,8,user,KI versteht spielsituationen nicht wie ein Mensch,['Z.K5'],"[(0, 50)]"
209,20230720_125939_072947,9,bot,"Du argumentierst, dass Einer SchiriKI die menschliche Intuition fehlt. Das verstehe ich. Aber hast Du schon einmal daran gedacht: Aufgrund der objektiven und nachvollziehbaren Entscheidungen der SchiriKI wird es zu weniger Diskussionen und Protesten auf dem Spielfeld kommen.","['intro_26', 'Z.K5', 'intro_54', 'z_trans_2', 'Z.P3']","[(0, 23), (23, 71), (71, 89), (89, 130), (130, 276)]"
210,20230720_125939_072947,10,user,KI führt zu mehr spielfluss,['Z.P6'],"[(0, 28)]"
211,20230720_125939_072947,11,bot,"Ich bin mir nicht sicher, was du meinst. Bitte wähle aus der folgenden Liste ein Argument aus, das deinen Standpunkt am besten repräsentiert. | Eine SchiriKI kann gezielt getäuscht werden. |   Das ist möglich. Eine SchiriKI wird ständig nachtrainiert, so dass sie auch gezielte Täuschungen schnell lernt.",['Z.K2'],"[(0, 306)]"
212,20230720_142046_502777,0,user,Neutrale Entscheidungsmöglichkeit,['Z.P2'],"[(0, 33)]"
213,20230720_142046_502777,1,bot,"Ich bin mir nicht sicher, was du meinst. Bitte wähle aus der folgenden Liste ein Argument aus, das deinen Standpunkt am besten repräsentiert. | Eine SchiriKI entscheidet objektiv und emotionslos. |   Das ist ein gutes Argument. Direkt dazu: Da eine SchiriKI von ihrer Datengrundlage abhängig ist, ist sie entscheidend von der menschlichen Auswahl der Daten geprägt. Diese muss dafür sorgen, dass die Daten u.a. keine versteckte Diskriminierung enthalten. Die Auswahl erfolgt durch einen Mensch, womit wieder die Unberechenbarkeit bzw. Fehleranfälligkeit menschlicher Entscheidungen mit durchschwingen kann.",['Z.P2'],"[(0, 608)]"
214,20230720_142046_502777,2,user,Faire Bewertung,['Z.P5'],"[(0, 16)]"
215,20230720_142046_502777,3,bot,"Ich bin mir nicht sicher, was du meinst. Bitte wähle aus der folgenden Liste ein Argument aus, das deinen Standpunkt am besten repräsentiert. | Eine SchiriKI entscheidet in ähnlichen Situationen gleich. |   Das verstehe ich. Direkt dazu: Man kann die Schuld bei einem verlorenen Spiel nicht mehr auf den Schiri schieben.",['Z.P1'],"[(0, 322)]"
216,20230720_142046_502777,4,user,"Eine Schiri-KI entscheidet unabhängig von den äußeren Umständen (Fans, Stadionort,…) neutral und somit fair für alle Parteien.",['Z.P5'],"[(0, 126)]"
217,20230720_142046_502777,5,bot,"Ich bin mir nicht sicher, was du meinst. Bitte wähle aus der folgenden Liste ein Argument aus, das deinen Standpunkt am besten repräsentiert. | Eine SchiriKI entscheidet in ähnlichen Situationen gleich. |   Das kann ich nachvollziehen. Andererseits: Die SchiriKI könnte genauso wie ein menschlicher Schiedsrichter zum Sündenbock werden. Dies kann dem Ansehen und der Vertrauenswürdigkeit von Künstlicher Intelligenz bzw. Systemen Künstlicher Intelligenz langfristig Schaden zufügen.",['Z.P1'],"[(0, 484)]"
218,20230720_141527_007883,0,user,"Ki sieht nur das was vorgefallen ist, aber nicht aus welchem Grund etwas passiert ist",['Z.K5'],"[(0, 85)]"
219,20230720_141527_007883,1,bot,"Ich bin mir nicht sicher, was du meinst. Bitte wähle aus der folgenden Liste ein Argument aus, das deinen Standpunkt am besten repräsentiert. | Eine SchiriKI entscheidet objektiv und emotionslos. |   Das verstehe ich. Direkt dazu: Da eine SchiriKI von ihrer Datengrundlage abhängig ist, ist sie entscheidend von der menschlichen Auswahl der Daten geprägt. Diese muss dafür sorgen, dass die Daten u.a. keine versteckte Diskriminierung enthalten. Die Auswahl erfolgt durch einen Mensch, womit wieder die Unberechenbarkeit bzw. Fehleranfälligkeit menschlicher Entscheidungen mit durchschwingen kann.",['Z.P2'],"[(0, 598)]"
220,20230720_141527_007883,2,user,Technische Ausfälle,['Z.K4'],"[(0, 19)]"
221,20230720_141527_007883,3,bot,"Ich bin mir nicht sicher, was du meinst. Bitte wähle aus der folgenden Liste ein Argument aus, das deinen Standpunkt am besten repräsentiert. | Eine SchiriKI reduziert die Abhängigkeit von Schiedsrichtern |   Ich denke damit liegst du richtig.  Aber zu beachten ist: Eine SchiriKI funktioniert nicht bei schlechter Sicht. Sie kann durch Nebelkerzen und ähnliches verwirrt werden, dann müsste das Spiel unterbrochen oder sogar abgebrochen werden.",['Z.P10'],"[(0, 446)]"
222,20230720_141527_007883,4,user,Modern,['Z.P11'],"[(0, 6)]"
223,20230720_141527_007883,5,bot,"Dein Argument ist, dass Eine SchiriKI modern ist. Das verstehe ich. Befürworter traditionellen Handelns könnten sich vom Fußball abwenden und damit zu einem Rückgang an Werbe- und Spendeneinnahmen führen.","['intro_25', 'Z.P11', 'intro_1', 'Z.P11-1']","[(0, 24), (24, 50), (50, 68), (68, 205)]"
224,20230720_141527_007883,6,user,Sehen bilder,['OTHER'],"[(0, 12)]"
225,20230720_141527_007883,7,bot,"Mit anderen Worten, Eine SchiriKI kann Entscheidungen durch Bilder erklären. Das verstehe ich. Diese Überprüfbarkeit und Nachvollziehbarkeit stößt allerdings an ihre Grenzen, sobald es nur um subtile Regelverstöße geht.","['intro_32', 'Z.P7', 'intro_1', 'Z.P7-1']","[(0, 20), (20, 77), (77, 95), (95, 220)]"
226,20230720_141527_007883,8,user,Können objektiv,['Z.P2'],"[(0, 15)]"
227,20230720_141527_007883,9,bot,"Ich bin mir nicht sicher, was du meinst. Bitte wähle aus der folgenden Liste ein Argument aus, das deinen Standpunkt am besten repräsentiert. | Eine SchiriKI kann nicht eingeschüchtert werden. |   Das kann ich nachvollziehen. Direkt dazu: Auch menschliche Schiedsrichter lassen sich nicht einschüchtern und sind es gewohnt, wenn erhitzte Spieler ihre Entscheidung angreifen.",['Z.P4'],"[(0, 376)]"
228,20230720_141527_007883,10,user,Cool,['OTHER'],"[(0, 4)]"
229,20230720_141527_007883,11,bot,"Dein Argument ist, dass Eine SchiriKI modern ist. Ich denke damit liegst du richtig. Aber hast Du schon einmal daran gedacht: Zum Fußball gehört die partielle Unberechenbarkeit von Schiri-Entscheidungen. Durch eine SchiriKI wird das Spiel verändert und die Emotionalität reduziert, die zum Reiz des Spieles beiträgt.","['intro_25', 'Z.P11', 'intro_5', 'z_trans_2', 'Z.K8']","[(0, 24), (24, 50), (50, 85), (85, 126), (126, 317)]"
230,20230720_130953_845758,0,user,"Genauigkeit, KI kann auf ein Regelwerk zurückgreifen und wird nicht von Voreingenommenheit beeinflusst",['Z.P2'],"[(0, 102)]"
231,20230720_130953_845758,1,bot,"Ich bin mir nicht sicher, was du meinst. Bitte wähle aus der folgenden Liste ein Argument aus, das deinen Standpunkt am besten repräsentiert. | Eine SchiriKI kann Entscheidungen durch Bilder erklären. |   Das verstehe ich. Diese Überprüfbarkeit und Nachvollziehbarkeit stößt allerdings an ihre Grenzen, sobald es nur um subtile Regelverstöße geht.",['Z.P7'],"[(0, 349)]"
232,20230720_130953_845758,2,user,Aber würde auch weniger Haß ernten,['Z.P3'],"[(0, 35)]"
233,20230720_130953_845758,3,bot,"Du sagst, dass Es gibt weniger Proteste gegen Entscheidungen der SchiriKI. Das mag sein. Eine SchiriKI reduziert die Emotionalität im Spiel, was den Reiz von Fußball ausmacht.","['intro_27', 'Z.P3', 'intro_3', 'Z.P3-1']","[(0, 15), (15, 75), (75, 89), (89, 177)]"
234,20230720_130953_845758,4,user,Das ist nicht der Reit von Fussball,['DISSENT'],"[(0, 35)]"
235,20230720_130953_845758,5,bot,"Ich bin mir nicht sicher, was du meinst. Bitte wähle aus der folgenden Liste ein Argument aus, das deinen Standpunkt am besten repräsentiert. | Ich finde deine Argumentation nicht überzeugend. |   Schade, dass dich meine Argumentation nicht überzeugt.  Aber hast Du schon einmal daran gedacht: Eine SchiriKI funktioniert nicht bei schlechter Sicht. Sie kann durch Nebelkerzen und ähnliches verwirrt werden, dann müsste das Spiel unterbrochen oder sogar abgebrochen werden.",['OTHER'],"[(0, 473)]"
236,20230720_130953_845758,6,user,Stimmt,['CONSENT'],"[(0, 6)]"
237,20230720_130953_845758,7,bot,"Du merkst an, dass Eine SchiriKI in ähnlichen Situationen gleich entscheidet. Das verstehe ich. Direkt dazu: Man kann die Schuld bei einem verlorenen Spiel nicht mehr auf den Schiri schieben.","['intro_28', 'Z.P1', 'intro_51', 'Z.P1-2']","[(0, 19), (19, 78), (78, 109), (109, 192)]"
238,20230720_115044_615689,0,user,KI kann keine Streitsituationen entschärfen,['Z.K9'],"[(0, 44)]"
239,20230720_115044_615689,1,bot,"Ich bin mir nicht sicher, was du meinst. Bitte wähle aus der folgenden Liste ein Argument aus, das deinen Standpunkt am besten repräsentiert. | Einer SchiriKI fehlt die menschliche Intuition. |   Das ist ein gutes Argument. Andererseits: Eine SchiriKI kann die menschliche Erfahrung durch das Training mit Daten in Form des überwachten Lernens nutzen. Daraus entwickelt sich eine ganz eigene Art von Intuition.",['Z.K5'],"[(0, 412)]"
240,20230720_115044_615689,2,user,Wenn sich 2 Spieler auf dem Platz streiten kann die ki nicht physisch dazwischen gehen,['Z.P3-4'],"[(0, 86)]"
241,20230720_115044_615689,3,bot,"Ich bin mir nicht sicher, was du meinst. Bitte wähle aus der folgenden Liste ein Argument aus, das deinen Standpunkt am besten repräsentiert. | Eine SchiriKI kann keine Verantwortung übernehmen. |   Das verstehe ich. Direkt dazu: Verantwortung und Gewissen sind für die Tätigkeit als Schiedsrichter nicht erforderlich. Es geht um die Einhaltung der Spielregeln. Das Einsehen eigenen Unrechts und die Übernahme von Verantwortung ist bei der Darstellung von Fakten nicht notwendig.",['Z.K6'],"[(0, 481)]"
242,20230720_115044_615689,4,user,Durch eine ki wird der Fußball noch mehr kommerzialisiert und weniger menschlich,['Z.P2-1'],"[(0, 80)]"
243,20230720_115044_615689,5,bot,"Ich bin mir nicht sicher, was du meinst. Bitte wähle aus der folgenden Liste ein Argument aus, das deinen Standpunkt am besten repräsentiert. | Zum Fußball gehört die Unberechenbarkeit auch der Schiedsrichter. |   Das mag sein. Das ist ein Widerspruch in sich, wenn man einerseits Schiedsrichter für Fehlentscheidungen beschimpft, aber andererseits den Zustand nicht verbessern will.",['Z.K8'],"[(0, 385)]"
244,20230720_115044_615689,6,user,Wenn man eine ki will kann man auch Fifa schauen,['OTHER'],"[(0, 48)]"
245,20230720_115044_615689,7,bot,"Du meinst also, dass Zum Fußball die Unberechenbarkeit auch der Schiedsrichter gehört. Ich denke damit liegst du richtig. Ansprechen möchte ich noch: Eine SchiriKI trifft konsistente regelkonforme Entscheidungen und entscheidet in ähnlichen Situationen gleich.","['intro_23', 'Z.K8', 'intro_5', 'z_trans_11', 'Z.P1']","[(0, 21), (21, 87), (87, 122), (122, 150), (150, 261)]"
246,20230720_115044_615689,8,user,Die ki kann auch ausfallen,['Z.K4'],"[(0, 26)]"
247,20230720_115044_615689,9,bot,"Du argumentierst, dass Eine SchiriKI wegen technische Störungen ausfallen kann. Das verstehe ich. Fällt die SchiriKI aus, wird dies der ""Autoritätsperson"" innerhalb kurzer Zeit auffallen, wenn nicht sowieso bereits das System der SchiriKI über eine eingeschränkte Nutzung informiert.","['intro_26', 'Z.K4', 'intro_1', 'Z.K4-1']","[(0, 23), (23, 80), (80, 98), (98, 284)]"
248,20230720_115044_615689,10,user,Beim videobeweis sieht man dass ki nicht immer jede Situation richtig einsehen kann weil es beispielsweise auch nicht genügend Kameras gibt oder die Kamera durch den Spieler verdeckt ist,['Z.K3'],"[(0, 186)]"
249,20230720_115044_615689,11,bot,"Ich bin mir nicht sicher, was du meinst. Bitte wähle aus der folgenden Liste ein Argument aus, das deinen Standpunkt am besten repräsentiert. | Eine SchiriKI funktioniert nicht bei schlechter Sicht. |   Das mag sein. Das ist wahrscheinlich korrekt. Aber unter diesen Umständen müsste ein Spiel auch ohne SchiriKI unterbrochen oder abgebrochen werden.",['Z.K3'],"[(0, 353)]"
250,20230720_115044_615689,12,user,Eine ki kann nicht erkennen ob sich die Spieler vorher schon aggressiv verhalten haben,['Z.K5'],"[(0, 86)]"
251,20230720_115044_615689,13,bot,"Ich bin mir nicht sicher, was du meinst. Bitte wähle aus der folgenden Liste ein Argument aus, das deinen Standpunkt am besten repräsentiert. | Einer SchiriKI fehlt die menschliche Intuition. |   Das verstehe ich.  Aber hast Du schon einmal daran gedacht: Aufgrund der objektiven und nachvollziehbaren Entscheidungen der SchiriKI wird es zu weniger Diskussionen und Protesten auf dem Spielfeld kommen.",['Z.K5'],"[(0, 401)]"
252,20230720_115044_615689,14,user,Eine ki kann Rassistisch sein,['Z.P2-2'],"[(0, 29)]"
253,20230720_115044_615689,15,bot,"Ich bin mir nicht sicher, was du meinst. Bitte wähle aus der folgenden Liste ein Argument aus, das deinen Standpunkt am besten repräsentiert. | die Zuschauer können weniger diskutieren. |   Das ist möglich. Die Aufregung über Fehlentscheidungen von menschlichen Schiedsrichtern kann der Freude am Sport und besonderen Momenten des Spiels weichen.",['Z.P3-2'],"[(0, 348)]"
254,20230720_130325_018682,0,user,Falsche Entscheidungen einer KI im Fußball kann keine großen Schaden anrichten,['Z.P1-3-1'],"[(0, 78)]"
255,20230720_130325_018682,1,bot,"Ich bin mir nicht sicher, was du meinst. Bitte wähle aus der folgenden Liste ein Argument aus, das deinen Standpunkt am besten repräsentiert. | Eine SchiriKI ist modern. |   Das verstehe ich. Befürworter traditionellen Handelns könnten sich vom Fußball abwenden und damit zu einem Rückgang an Werbe- und Spendeneinnahmen führen.",['Z.P11'],"[(0, 330)]"
256,20230720_130325_018682,2,user,"Die meiaten Zuschauer sind nicht sehr begeistert von den Schiris, ich denke der wechsel zur KI wäre nicht so schlimm",['Z.P2'],"[(0, 116)]"
257,20230720_130325_018682,3,bot,"Ich bin mir nicht sicher, was du meinst. Bitte wähle aus der folgenden Liste ein Argument aus, das deinen Standpunkt am besten repräsentiert. | Eine SchiriKI entscheidet objektiv und emotionslos. |   Das ist ein gutes Argument. Andererseits: Da eine SchiriKI von ihrer Datengrundlage abhängig ist, ist sie entscheidend von der menschlichen Auswahl der Daten geprägt. Diese muss dafür sorgen, dass die Daten u.a. keine versteckte Diskriminierung enthalten. Die Auswahl erfolgt durch einen Mensch, womit wieder die Unberechenbarkeit bzw. Fehleranfälligkeit menschlicher Entscheidungen mit durchschwingen kann.",['Z.P2'],"[(0, 609)]"
258,20230720_130325_018682,4,user,"Aber wenn ein menschlichet Schiri entscheidet, kann er ja auch vorurteilsbehaftet handeln",['Z.P2'],"[(0, 89)]"
259,20230720_130325_018682,5,bot,"Ich bin mir nicht sicher, was du meinst. Bitte wähle aus der folgenden Liste ein Argument aus, das deinen Standpunkt am besten repräsentiert. | Eine SchiriKI entscheidet objektiv und emotionslos. |   Das kann ich nachvollziehen. Direkt dazu: Zum Fußball gehört die partielle Unberechenbarkeit von Schiri-Entscheidungen. Durch eine SchiriKI wird das Spiel verändert.",['Z.P2'],"[(0, 368)]"
260,20230720_130325_018682,6,user,Durch einen normalen Schiri wird das Spiel auch verändert,['OTHER'],"[(0, 57)]"
261,20230720_130325_018682,7,bot,"Ich bin mir nicht sicher, was du meinst. Bitte wähle aus der folgenden Liste ein Argument aus, das deinen Standpunkt am besten repräsentiert. | Eine SchiriKI reduziert die Abhängigkeit von Schiedsrichtern |   Ich denke damit liegst du richtig.  Aber zu beachten ist: Eine SchiriKI funktioniert nicht bei schlechter Sicht. Sie kann durch Nebelkerzen und ähnliches verwirrt werden, dann müsste das Spiel unterbrochen oder sogar abgebrochen werden.",['Z.P10'],"[(0, 446)]"
262,20230720_130325_018682,8,user,Bei den meisten Profi-Fußballspielen ist gutes Wetter,['OTHER'],"[(0, 53)]"
263,20230720_130325_018682,9,bot,"Ich bin mir nicht sicher, was du meinst. Bitte wähle aus der folgenden Liste ein Argument aus, das deinen Standpunkt am besten repräsentiert. | Eine SchiriKI reduziert die Abhängigkeit von Schiedsrichtern |   Da gebe ich dir recht.  Ansprechen möchte ich noch: Zum Fußball gehört die partielle Unberechenbarkeit von Schiri-Entscheidungen. Durch eine SchiriKI wird das Spiel verändert und die Emotionalität reduziert, die zum Reiz des Spieles beiträgt.",['Z.P10'],"[(0, 451)]"
264,20230720_130325_018682,10,user,"Ja, aber oft sind die Emotionen nicht positiv",['Z.P3'],"[(0, 45)]"
265,20230720_130325_018682,11,bot,"Ich bin mir nicht sicher, was du meinst. Bitte wähle aus der folgenden Liste ein Argument aus, das deinen Standpunkt am besten repräsentiert. | Eine SchiriKI kann nicht eingeschüchtert werden. |   Das verstehe ich. Andererseits: Auch menschliche Schiedsrichter lassen sich nicht einschüchtern und sind es gewohnt, wenn erhitzte Spieler ihre Entscheidung angreifen.",['Z.P4'],"[(0, 366)]"
266,20230720_130325_018682,12,user,Eine KI wird jedoch nicht emotional belastet,['Z.P2'],"[(0, 44)]"
267,20230720_130325_018682,13,bot,"Ich bin mir nicht sicher, was du meinst. Bitte wähle aus der folgenden Liste ein Argument aus, das deinen Standpunkt am besten repräsentiert. | Eine SchiriKI kann nicht eingeschüchtert werden. |   Das kann ich nachvollziehen.  Aber hast Du schon einmal daran gedacht: Eine SchiriKI funktioniert nicht gut genug, insbesondere bei subtilen Variationen eines Regelverstoßes.",['Z.P4'],"[(0, 371)]"
268,20230720_130325_018682,14,user,Das erkennen normale schiris teils auch nicht,['OTHER'],"[(0, 45)]"
269,20230720_130325_018682,15,bot,"Ich bin mir nicht sicher, was du meinst. Bitte wähle aus der folgenden Liste ein Argument aus, das deinen Standpunkt am besten repräsentiert. | Eine SchiriKI kann nicht eingeschüchtert werden. |   Das kann ich nachvollziehen.  Ansprechen möchte ich noch: Eine SchiriKI kann gezielt getäuscht werden, wenn die Spieler die Schemata kennen.",['Z.P4'],"[(0, 337)]"
